--
-- PostgreSQL database dump
--

-- Dumped from database version 14.13 (Debian 14.13-1.pgdg120+1)
-- Dumped by pg_dump version 14.13 (Debian 14.13-1.pgdg120+1)

SET statement_timeout = 0;
SET lock_timeout = 0;
SET idle_in_transaction_session_timeout = 0;
SET client_encoding = 'UTF8';
SET standard_conforming_strings = on;
SELECT pg_catalog.set_config('search_path', '', false);
SET check_function_bodies = false;
SET xmloption = content;
SET client_min_messages = warning;
SET row_security = off;

SET default_tablespace = '';

SET default_table_access_method = heap;

--
-- Name: auth_group; Type: TABLE; Schema: public; Owner: postgres
--

CREATE TABLE public.auth_group (
    id integer NOT NULL,
    name character varying(150) NOT NULL
);


ALTER TABLE public.auth_group OWNER TO postgres;

--
-- Name: auth_group_id_seq; Type: SEQUENCE; Schema: public; Owner: postgres
--

ALTER TABLE public.auth_group ALTER COLUMN id ADD GENERATED BY DEFAULT AS IDENTITY (
    SEQUENCE NAME public.auth_group_id_seq
    START WITH 1
    INCREMENT BY 1
    NO MINVALUE
    NO MAXVALUE
    CACHE 1
);


--
-- Name: auth_group_permissions; Type: TABLE; Schema: public; Owner: postgres
--

CREATE TABLE public.auth_group_permissions (
    id bigint NOT NULL,
    group_id integer NOT NULL,
    permission_id integer NOT NULL
);


ALTER TABLE public.auth_group_permissions OWNER TO postgres;

--
-- Name: auth_group_permissions_id_seq; Type: SEQUENCE; Schema: public; Owner: postgres
--

ALTER TABLE public.auth_group_permissions ALTER COLUMN id ADD GENERATED BY DEFAULT AS IDENTITY (
    SEQUENCE NAME public.auth_group_permissions_id_seq
    START WITH 1
    INCREMENT BY 1
    NO MINVALUE
    NO MAXVALUE
    CACHE 1
);


--
-- Name: auth_permission; Type: TABLE; Schema: public; Owner: postgres
--

CREATE TABLE public.auth_permission (
    id integer NOT NULL,
    name character varying(255) NOT NULL,
    content_type_id integer NOT NULL,
    codename character varying(100) NOT NULL
);


ALTER TABLE public.auth_permission OWNER TO postgres;

--
-- Name: auth_permission_id_seq; Type: SEQUENCE; Schema: public; Owner: postgres
--

ALTER TABLE public.auth_permission ALTER COLUMN id ADD GENERATED BY DEFAULT AS IDENTITY (
    SEQUENCE NAME public.auth_permission_id_seq
    START WITH 1
    INCREMENT BY 1
    NO MINVALUE
    NO MAXVALUE
    CACHE 1
);


--
-- Name: django_admin_log; Type: TABLE; Schema: public; Owner: postgres
--

CREATE TABLE public.django_admin_log (
    id integer NOT NULL,
    action_time timestamp with time zone NOT NULL,
    object_id text,
    object_repr character varying(200) NOT NULL,
    action_flag smallint NOT NULL,
    change_message text NOT NULL,
    content_type_id integer,
    user_id bigint NOT NULL,
    CONSTRAINT django_admin_log_action_flag_check CHECK ((action_flag >= 0))
);


ALTER TABLE public.django_admin_log OWNER TO postgres;

--
-- Name: django_admin_log_id_seq; Type: SEQUENCE; Schema: public; Owner: postgres
--

ALTER TABLE public.django_admin_log ALTER COLUMN id ADD GENERATED BY DEFAULT AS IDENTITY (
    SEQUENCE NAME public.django_admin_log_id_seq
    START WITH 1
    INCREMENT BY 1
    NO MINVALUE
    NO MAXVALUE
    CACHE 1
);


--
-- Name: django_content_type; Type: TABLE; Schema: public; Owner: postgres
--

CREATE TABLE public.django_content_type (
    id integer NOT NULL,
    app_label character varying(100) NOT NULL,
    model character varying(100) NOT NULL
);


ALTER TABLE public.django_content_type OWNER TO postgres;

--
-- Name: django_content_type_id_seq; Type: SEQUENCE; Schema: public; Owner: postgres
--

ALTER TABLE public.django_content_type ALTER COLUMN id ADD GENERATED BY DEFAULT AS IDENTITY (
    SEQUENCE NAME public.django_content_type_id_seq
    START WITH 1
    INCREMENT BY 1
    NO MINVALUE
    NO MAXVALUE
    CACHE 1
);


--
-- Name: django_migrations; Type: TABLE; Schema: public; Owner: postgres
--

CREATE TABLE public.django_migrations (
    id bigint NOT NULL,
    app character varying(255) NOT NULL,
    name character varying(255) NOT NULL,
    applied timestamp with time zone NOT NULL
);


ALTER TABLE public.django_migrations OWNER TO postgres;

--
-- Name: django_migrations_id_seq; Type: SEQUENCE; Schema: public; Owner: postgres
--

ALTER TABLE public.django_migrations ALTER COLUMN id ADD GENERATED BY DEFAULT AS IDENTITY (
    SEQUENCE NAME public.django_migrations_id_seq
    START WITH 1
    INCREMENT BY 1
    NO MINVALUE
    NO MAXVALUE
    CACHE 1
);


--
-- Name: django_session; Type: TABLE; Schema: public; Owner: postgres
--

CREATE TABLE public.django_session (
    session_key character varying(40) NOT NULL,
    session_data text NOT NULL,
    expire_date timestamp with time zone NOT NULL
);


ALTER TABLE public.django_session OWNER TO postgres;

--
-- Name: order_products; Type: TABLE; Schema: public; Owner: postgres
--

CREATE TABLE public.order_products (
    id bigint NOT NULL,
    uuid uuid NOT NULL,
    created_at timestamp with time zone NOT NULL,
    updated_at timestamp with time zone NOT NULL,
    quantity integer NOT NULL,
    price numeric(10,2) NOT NULL,
    discount numeric(10,2) NOT NULL,
    order_id bigint NOT NULL,
    product_id bigint NOT NULL,
    CONSTRAINT order_products_quantity_check CHECK ((quantity >= 0))
);


ALTER TABLE public.order_products OWNER TO postgres;

--
-- Name: order_products_id_seq; Type: SEQUENCE; Schema: public; Owner: postgres
--

ALTER TABLE public.order_products ALTER COLUMN id ADD GENERATED BY DEFAULT AS IDENTITY (
    SEQUENCE NAME public.order_products_id_seq
    START WITH 1
    INCREMENT BY 1
    NO MINVALUE
    NO MAXVALUE
    CACHE 1
);


--
-- Name: orders; Type: TABLE; Schema: public; Owner: postgres
--

CREATE TABLE public.orders (
    id bigint NOT NULL,
    uuid uuid NOT NULL,
    created_at timestamp with time zone NOT NULL,
    updated_at timestamp with time zone NOT NULL,
    status character varying(8) NOT NULL,
    order_code character varying(20) NOT NULL,
    comment character varying(500) NOT NULL,
    total_sum numeric(10,2) NOT NULL,
    creator_id bigint NOT NULL,
    sold_at timestamp with time zone
);


ALTER TABLE public.orders OWNER TO postgres;

--
-- Name: orders_id_seq; Type: SEQUENCE; Schema: public; Owner: postgres
--

ALTER TABLE public.orders ALTER COLUMN id ADD GENERATED BY DEFAULT AS IDENTITY (
    SEQUENCE NAME public.orders_id_seq
    START WITH 1
    INCREMENT BY 1
    NO MINVALUE
    NO MAXVALUE
    CACHE 1
);


--
-- Name: product_categories; Type: TABLE; Schema: public; Owner: postgres
--

CREATE TABLE public.product_categories (
    id bigint NOT NULL,
    uuid uuid NOT NULL,
    created_at timestamp with time zone NOT NULL,
    updated_at timestamp with time zone NOT NULL,
    name character varying(150) NOT NULL,
    description character varying(500) NOT NULL,
    parent_category_id bigint
);


ALTER TABLE public.product_categories OWNER TO postgres;

--
-- Name: product_categories_id_seq; Type: SEQUENCE; Schema: public; Owner: postgres
--

ALTER TABLE public.product_categories ALTER COLUMN id ADD GENERATED BY DEFAULT AS IDENTITY (
    SEQUENCE NAME public.product_categories_id_seq
    START WITH 1
    INCREMENT BY 1
    NO MINVALUE
    NO MAXVALUE
    CACHE 1
);


--
-- Name: product_discounts; Type: TABLE; Schema: public; Owner: postgres
--

CREATE TABLE public.product_discounts (
    id bigint NOT NULL,
    uuid uuid NOT NULL,
    created_at timestamp with time zone NOT NULL,
    updated_at timestamp with time zone NOT NULL,
    discount_started_at timestamp with time zone NOT NULL,
    discount_ended_at timestamp with time zone NOT NULL,
    discount_percentage numeric(3,1) NOT NULL,
    is_active boolean NOT NULL,
    product_id bigint NOT NULL
);


ALTER TABLE public.product_discounts OWNER TO postgres;

--
-- Name: product_discounts_id_seq; Type: SEQUENCE; Schema: public; Owner: postgres
--

ALTER TABLE public.product_discounts ALTER COLUMN id ADD GENERATED BY DEFAULT AS IDENTITY (
    SEQUENCE NAME public.product_discounts_id_seq
    START WITH 1
    INCREMENT BY 1
    NO MINVALUE
    NO MAXVALUE
    CACHE 1
);


--
-- Name: product_incomes; Type: TABLE; Schema: public; Owner: postgres
--

CREATE TABLE public.product_incomes (
    id bigint NOT NULL,
    uuid uuid NOT NULL,
    created_at timestamp with time zone NOT NULL,
    updated_at timestamp with time zone NOT NULL,
    quantity integer NOT NULL,
    product_id bigint NOT NULL,
    CONSTRAINT product_incomes_quantity_check CHECK ((quantity >= 0))
);


ALTER TABLE public.product_incomes OWNER TO postgres;

--
-- Name: product_incomes_id_seq; Type: SEQUENCE; Schema: public; Owner: postgres
--

ALTER TABLE public.product_incomes ALTER COLUMN id ADD GENERATED BY DEFAULT AS IDENTITY (
    SEQUENCE NAME public.product_incomes_id_seq
    START WITH 1
    INCREMENT BY 1
    NO MINVALUE
    NO MAXVALUE
    CACHE 1
);


--
-- Name: products; Type: TABLE; Schema: public; Owner: postgres
--

CREATE TABLE public.products (
    id bigint NOT NULL,
    uuid uuid NOT NULL,
    created_at timestamp with time zone NOT NULL,
    updated_at timestamp with time zone NOT NULL,
    is_deleted boolean NOT NULL,
    name character varying(250) NOT NULL,
    price numeric(10,2) NOT NULL,
    description character varying(2000) NOT NULL,
    available_quantity integer NOT NULL,
    category_id bigint NOT NULL,
    CONSTRAINT products_available_quantity_check CHECK ((available_quantity >= 0))
);


ALTER TABLE public.products OWNER TO postgres;

--
-- Name: products_id_seq; Type: SEQUENCE; Schema: public; Owner: postgres
--

ALTER TABLE public.products ALTER COLUMN id ADD GENERATED BY DEFAULT AS IDENTITY (
    SEQUENCE NAME public.products_id_seq
    START WITH 1
    INCREMENT BY 1
    NO MINVALUE
    NO MAXVALUE
    CACHE 1
);


--
-- Name: users; Type: TABLE; Schema: public; Owner: postgres
--

CREATE TABLE public.users (
    password character varying(128) NOT NULL,
    last_login timestamp with time zone,
    is_superuser boolean NOT NULL,
    username character varying(150) NOT NULL,
    first_name character varying(150) NOT NULL,
    last_name character varying(150) NOT NULL,
    email character varying(254) NOT NULL,
    is_staff boolean NOT NULL,
    is_active boolean NOT NULL,
    date_joined timestamp with time zone NOT NULL,
    id bigint NOT NULL,
    uuid uuid NOT NULL,
    created_at timestamp with time zone NOT NULL,
    updated_at timestamp with time zone NOT NULL,
    role character varying(9) NOT NULL
);


ALTER TABLE public.users OWNER TO postgres;

--
-- Name: users_groups; Type: TABLE; Schema: public; Owner: postgres
--

CREATE TABLE public.users_groups (
    id bigint NOT NULL,
    user_id bigint NOT NULL,
    group_id integer NOT NULL
);


ALTER TABLE public.users_groups OWNER TO postgres;

--
-- Name: users_groups_id_seq; Type: SEQUENCE; Schema: public; Owner: postgres
--

ALTER TABLE public.users_groups ALTER COLUMN id ADD GENERATED BY DEFAULT AS IDENTITY (
    SEQUENCE NAME public.users_groups_id_seq
    START WITH 1
    INCREMENT BY 1
    NO MINVALUE
    NO MAXVALUE
    CACHE 1
);


--
-- Name: users_id_seq; Type: SEQUENCE; Schema: public; Owner: postgres
--

ALTER TABLE public.users ALTER COLUMN id ADD GENERATED BY DEFAULT AS IDENTITY (
    SEQUENCE NAME public.users_id_seq
    START WITH 1
    INCREMENT BY 1
    NO MINVALUE
    NO MAXVALUE
    CACHE 1
);


--
-- Name: users_user_permissions; Type: TABLE; Schema: public; Owner: postgres
--

CREATE TABLE public.users_user_permissions (
    id bigint NOT NULL,
    user_id bigint NOT NULL,
    permission_id integer NOT NULL
);


ALTER TABLE public.users_user_permissions OWNER TO postgres;

--
-- Name: users_user_permissions_id_seq; Type: SEQUENCE; Schema: public; Owner: postgres
--

ALTER TABLE public.users_user_permissions ALTER COLUMN id ADD GENERATED BY DEFAULT AS IDENTITY (
    SEQUENCE NAME public.users_user_permissions_id_seq
    START WITH 1
    INCREMENT BY 1
    NO MINVALUE
    NO MAXVALUE
    CACHE 1
);


--
-- Data for Name: auth_group; Type: TABLE DATA; Schema: public; Owner: postgres
--

COPY public.auth_group (id, name) FROM stdin;
\.


--
-- Data for Name: auth_group_permissions; Type: TABLE DATA; Schema: public; Owner: postgres
--

COPY public.auth_group_permissions (id, group_id, permission_id) FROM stdin;
\.


--
-- Data for Name: auth_permission; Type: TABLE DATA; Schema: public; Owner: postgres
--

COPY public.auth_permission (id, name, content_type_id, codename) FROM stdin;
1	Can add log entry	1	add_logentry
2	Can change log entry	1	change_logentry
3	Can delete log entry	1	delete_logentry
4	Can view log entry	1	view_logentry
5	Can add permission	2	add_permission
6	Can change permission	2	change_permission
7	Can delete permission	2	delete_permission
8	Can view permission	2	view_permission
9	Can add group	3	add_group
10	Can change group	3	change_group
11	Can delete group	3	delete_group
12	Can view group	3	view_group
13	Can add content type	4	add_contenttype
14	Can change content type	4	change_contenttype
15	Can delete content type	4	delete_contenttype
16	Can view content type	4	view_contenttype
17	Can add session	5	add_session
18	Can change session	5	change_session
19	Can delete session	5	delete_session
20	Can view session	5	view_session
21	Can add User	6	add_user
22	Can change User	6	change_user
23	Can delete User	6	delete_user
24	Can view User	6	view_user
25	Can add Product	7	add_product
26	Can change Product	7	change_product
27	Can delete Product	7	delete_product
28	Can view Product	7	view_product
29	Can add Product income	8	add_productincome
30	Can change Product income	8	change_productincome
31	Can delete Product income	8	delete_productincome
32	Can view Product income	8	view_productincome
33	Can add Product discount	9	add_productdiscount
34	Can change Product discount	9	change_productdiscount
35	Can delete Product discount	9	delete_productdiscount
36	Can view Product discount	9	view_productdiscount
37	Can add Product category	10	add_productcategory
38	Can change Product category	10	change_productcategory
39	Can delete Product category	10	delete_productcategory
40	Can view Product category	10	view_productcategory
41	Can add Order	11	add_order
42	Can change Order	11	change_order
43	Can delete Order	11	delete_order
44	Can view Order	11	view_order
45	Can add Order product	12	add_orderproduct
46	Can change Order product	12	change_orderproduct
47	Can delete Order product	12	delete_orderproduct
48	Can view Order product	12	view_orderproduct
\.


--
-- Data for Name: django_admin_log; Type: TABLE DATA; Schema: public; Owner: postgres
--

COPY public.django_admin_log (id, action_time, object_id, object_repr, action_flag, change_message, content_type_id, user_id) FROM stdin;
\.


--
-- Data for Name: django_content_type; Type: TABLE DATA; Schema: public; Owner: postgres
--

COPY public.django_content_type (id, app_label, model) FROM stdin;
1	admin	logentry
2	auth	permission
3	auth	group
4	contenttypes	contenttype
5	sessions	session
6	users	user
7	products	product
8	products	productincome
9	products	productdiscount
10	products	productcategory
11	orders	order
12	orders	orderproduct
\.


--
-- Data for Name: django_migrations; Type: TABLE DATA; Schema: public; Owner: postgres
--

COPY public.django_migrations (id, app, name, applied) FROM stdin;
1	contenttypes	0001_initial	2024-08-31 20:34:41.991226+00
2	contenttypes	0002_remove_content_type_name	2024-08-31 20:34:42.003164+00
3	auth	0001_initial	2024-08-31 20:34:42.052331+00
4	auth	0002_alter_permission_name_max_length	2024-08-31 20:34:42.062288+00
5	auth	0003_alter_user_email_max_length	2024-08-31 20:34:42.071862+00
6	auth	0004_alter_user_username_opts	2024-08-31 20:34:42.081976+00
7	auth	0005_alter_user_last_login_null	2024-08-31 20:34:42.092502+00
8	auth	0006_require_contenttypes_0002	2024-08-31 20:34:42.096448+00
9	auth	0007_alter_validators_add_error_messages	2024-08-31 20:34:42.107175+00
10	auth	0008_alter_user_username_max_length	2024-08-31 20:34:42.117607+00
11	auth	0009_alter_user_last_name_max_length	2024-08-31 20:34:42.128382+00
12	auth	0010_alter_group_name_max_length	2024-08-31 20:34:42.139087+00
13	auth	0011_update_proxy_permissions	2024-08-31 20:34:42.149474+00
14	auth	0012_alter_user_first_name_max_length	2024-08-31 20:34:42.16019+00
15	users	0001_initial	2024-08-31 20:34:42.210475+00
16	admin	0001_initial	2024-08-31 20:34:42.237908+00
17	admin	0002_logentry_remove_auto_add	2024-08-31 20:34:42.255054+00
18	admin	0003_logentry_add_action_flag_choices	2024-08-31 20:34:42.270806+00
19	products	0001_initial	2024-08-31 20:34:42.343753+00
20	orders	0001_initial	2024-08-31 20:34:42.407532+00
21	orders	0002_alter_order_order_code_and_more	2024-08-31 20:34:42.443758+00
22	sessions	0001_initial	2024-08-31 20:34:42.458266+00
23	orders	0003_order_sold_at	2024-09-01 12:48:58.601519+00
\.


--
-- Data for Name: django_session; Type: TABLE DATA; Schema: public; Owner: postgres
--

COPY public.django_session (session_key, session_data, expire_date) FROM stdin;
jbtcya8pyjfe3tuoy28ic2400nnwpcoz	.eJxVjEEOgjAURO_StWloKa24dM8ZyO__U4uaklBYGe-uJCx0-96beamRtjWPW8UyTqIuyqjTL4vED5RdyJ3KbdY8l3WZot4Tfdiqh1nwvB7t30Gmmr_rpoFlFjhL3nOwHtEAIci53alDcqmHRYgUjO0ouZYNOgmxb4wI1PsDC4s5Hg:1skUyb:r6nXtMo7NcYTWjhcs2H6y50vfOCqKDsnEAwXslFX1uk	2024-09-14 20:45:41.316014+00
4hy5ujf4kco6zlua6alyhq7fjao65oxw	.eJxVjEEOgjAURO_StWloKa24dM8ZyO__U4uaklBYGe-uJCx0-96beamRtjWPW8UyTqIuyqjTL4vED5RdyJ3KbdY8l3WZot4Tfdiqh1nwvB7t30Gmmr_rpoFlFjhL3nOwHtEAIci53alDcqmHRYgUjO0ouZYNOgmxb4wI1PsDC4s5Hg:1skV3C:Epaabuk_h1BI848p2n_qKRyDAdBawD8keHz8p3akt5w	2024-09-14 20:50:26.792103+00
ch60qfmyrqxvk90h42wkfsfs4pqv1cfo	.eJxVjDsOwjAQBe_iGlnZRXIcSnrOYO3POIBiKU4qxN1JpBTQvpl5b5doXUpam81pVHdx6E6_G5M8bdqBPmi6Vy91WuaR_a74gzZ_q2qv6-H-HRRqZat7ATZDUKAYiINGxhxzB9pRBCXWwANaRsgYOMpZBosmYkBb0oP7fAEWCzlr:1sklee:WQtggaQgnips_zXzPW06s7dhEPuCT-bDpkySK96ZE2U	2024-09-15 14:34:12.865338+00
\.


--
-- Data for Name: order_products; Type: TABLE DATA; Schema: public; Owner: postgres
--

COPY public.order_products (id, uuid, created_at, updated_at, quantity, price, discount, order_id, product_id) FROM stdin;
3	58de4f2b-fbfb-43a0-8177-2084217fcbef	2024-09-01 08:13:30.376337+00	2024-09-01 08:13:30.376352+00	4	44.59	5.13	3	1
4	41ec4918-48d9-43f1-a1ea-58fc4ddc31e0	2024-09-01 08:20:23.511647+00	2024-09-01 08:20:23.511673+00	11	44.59	0.00	4	1
5	586228dd-8328-4b6c-95f8-71fa27524496	2024-09-01 08:28:12.455627+00	2024-09-01 08:28:12.455641+00	1	44.59	4.46	5	1
6	481ac81d-1579-4d1b-a438-051088405af4	2024-09-01 12:51:06.575515+00	2024-09-01 12:51:06.575554+00	6	25.90	0.00	6	5
7	d7e2b854-7c1f-43f6-b166-e949b12602d3	2024-09-01 12:51:36.232011+00	2024-09-01 12:51:36.23208+00	4	20.00	0.00	6	3
8	a8d50e0a-ace9-42fe-a31f-1d08fa146201	2024-09-01 13:30:57.764289+00	2024-09-01 13:30:57.764305+00	1	50.00	5.00	7	1
\.


--
-- Data for Name: orders; Type: TABLE DATA; Schema: public; Owner: postgres
--

COPY public.orders (id, uuid, created_at, updated_at, status, order_code, comment, total_sum, creator_id, sold_at) FROM stdin;
4	eb1f662a-1aeb-4b13-8a56-3589a83f2dd5	2024-09-01 08:17:03.559887+00	2024-09-01 08:20:23.514988+00	RESERVED	444546464	without discount	490.49	2	\N
6	4d93d322-db9a-4a34-89ed-9e7336a41591	2024-09-01 12:49:16.2794+00	2024-09-01 12:51:46.994574+00	SOLD	000001		235.40	2	2024-09-01 12:51:46.994145+00
7	ed87e71c-29dd-4a92-be8f-c7c97e2bc153	2024-09-01 13:29:04.158696+00	2024-09-01 13:31:08.147157+00	SOLD	000002	wtf	45.00	2	2024-09-01 13:31:08.146951+00
3	4a6cbcdf-283d-43f3-9100-235c64b0872c	2024-09-01 08:13:06.716556+00	2024-09-01 08:14:22.267951+00	SOLD	942802389		157.84	2	2024-09-01 14:33:00.694354+00
5	90b44e1f-2ba4-4615-9f2f-3d70d2104d8d	2024-09-01 08:27:47.918885+00	2024-09-01 08:29:33.953183+00	SOLD	767676868		40.13	2	2024-09-01 14:33:00.694354+00
\.


--
-- Data for Name: product_categories; Type: TABLE DATA; Schema: public; Owner: postgres
--

COPY public.product_categories (id, uuid, created_at, updated_at, name, description, parent_category_id) FROM stdin;
7	c7417431-1226-46d4-81cb-ce864d0f8a28	2024-09-01 07:26:52.773457+00	2024-09-01 07:26:52.773481+00	category1	start	\N
8	82b8fd08-1353-46c5-8f3a-8e661b8d7796	2024-09-01 07:27:02.878535+00	2024-09-01 07:27:02.878551+00	category2		7
9	9c565642-703b-4106-a85d-b4aba7acf0e3	2024-09-01 07:27:18.109066+00	2024-09-01 12:00:47.683178+00	category3_1	dsadasdadpa	8
10	883c7878-9702-4b1d-b233-40221d2759d6	2024-09-01 12:01:29.468715+00	2024-09-01 12:01:29.46873+00	category3_2		8
11	3a06bd0b-d665-4df9-bf17-3ed698f13a15	2024-09-01 12:01:55.918964+00	2024-09-01 12:01:55.918982+00	category4		9
\.


--
-- Data for Name: product_discounts; Type: TABLE DATA; Schema: public; Owner: postgres
--

COPY public.product_discounts (id, uuid, created_at, updated_at, discount_started_at, discount_ended_at, discount_percentage, is_active, product_id) FROM stdin;
1	58228f2f-01df-4c41-adc0-cdd3c662ccae	2024-09-01 07:44:18.365331+00	2024-09-01 08:27:34.044185+00	2024-08-31 21:00:00+00	2024-12-30 22:00:00+00	10.0	t	1
\.


--
-- Data for Name: product_incomes; Type: TABLE DATA; Schema: public; Owner: postgres
--

COPY public.product_incomes (id, uuid, created_at, updated_at, quantity, product_id) FROM stdin;
1	f333d0a3-a00a-4aae-acd7-8f96b8deee21	2024-09-01 07:41:46.860221+00	2024-09-01 07:41:46.860239+00	15	1
2	ff98509b-b5e3-4e7e-bbda-57bc1d6bc4c6	2024-09-01 08:27:15.866423+00	2024-09-01 08:27:15.866442+00	2	1
3	681257ff-7bd0-46f9-960f-3881288a3679	2024-09-01 12:24:54.911049+00	2024-09-01 12:24:54.911066+00	10	2
4	28b9ca16-d0e0-4eb9-ae3c-2e1cf93f870d	2024-09-01 12:25:05.127053+00	2024-09-01 12:25:05.127068+00	10	3
5	1d2c07ae-797f-4c57-9490-2a9ef9d730bb	2024-09-01 12:25:14.48211+00	2024-09-01 12:25:14.482124+00	10	6
6	030fde3b-c35b-475b-9d61-5e36a0bf4a50	2024-09-01 12:25:25.192491+00	2024-09-01 12:25:25.192514+00	10	5
\.


--
-- Data for Name: products; Type: TABLE DATA; Schema: public; Owner: postgres
--

COPY public.products (id, uuid, created_at, updated_at, is_deleted, name, price, description, available_quantity, category_id) FROM stdin;
2	f05ddaa2-fc0e-4970-84e7-d09d2e313119	2024-09-01 12:20:22.874867+00	2024-09-01 12:20:22.874883+00	f	product1	10.20		10	7
6	4d4ee3db-c57c-4b51-b5f5-72b92be8ecaa	2024-09-01 12:22:40.69363+00	2024-09-01 12:22:40.693645+00	f	product4	1000.00		10	11
5	67fefd63-62a1-4552-a088-51bf5fd598eb	2024-09-01 12:22:25.141506+00	2024-09-01 12:22:25.141528+00	f	product3_2	25.90		4	10
3	f39fd516-21c6-4ff4-baa4-67654c9b11b4	2024-09-01 12:20:36.710104+00	2024-09-01 12:20:36.710129+00	f	product2	20.00		6	8
1	68212b74-c18c-4e09-9e95-f1134223c175	2024-09-01 07:38:55.141976+00	2024-09-01 12:17:56.695645+00	f	product3_1	50.00	new description	0	9
\.


--
-- Data for Name: users; Type: TABLE DATA; Schema: public; Owner: postgres
--

COPY public.users (password, last_login, is_superuser, username, first_name, last_name, email, is_staff, is_active, date_joined, id, uuid, created_at, updated_at, role) FROM stdin;
pbkdf2_sha256$600000$LYvAuXGG7dVK3dtSrmQzc5$mXFcvbqogcaM0ynS1NiSVPewVJTaEhUMj5VMnHIV1lY=	2024-09-01 14:34:12.863523+00	t	admin			admin@gmail.com	t	t	2024-09-01 14:31:23.894077+00	2	1e05b581-6ad3-46c3-9038-d8d73d8fe515	2024-09-01 14:31:24.144587+00	2024-09-01 14:31:24.144605+00	DEFAULT
\.


--
-- Data for Name: users_groups; Type: TABLE DATA; Schema: public; Owner: postgres
--

COPY public.users_groups (id, user_id, group_id) FROM stdin;
\.


--
-- Data for Name: users_user_permissions; Type: TABLE DATA; Schema: public; Owner: postgres
--

COPY public.users_user_permissions (id, user_id, permission_id) FROM stdin;
\.


--
-- Name: auth_group_id_seq; Type: SEQUENCE SET; Schema: public; Owner: postgres
--

SELECT pg_catalog.setval('public.auth_group_id_seq', 1, false);


--
-- Name: auth_group_permissions_id_seq; Type: SEQUENCE SET; Schema: public; Owner: postgres
--

SELECT pg_catalog.setval('public.auth_group_permissions_id_seq', 1, false);


--
-- Name: auth_permission_id_seq; Type: SEQUENCE SET; Schema: public; Owner: postgres
--

SELECT pg_catalog.setval('public.auth_permission_id_seq', 48, true);


--
-- Name: django_admin_log_id_seq; Type: SEQUENCE SET; Schema: public; Owner: postgres
--

SELECT pg_catalog.setval('public.django_admin_log_id_seq', 1, false);


--
-- Name: django_content_type_id_seq; Type: SEQUENCE SET; Schema: public; Owner: postgres
--

SELECT pg_catalog.setval('public.django_content_type_id_seq', 12, true);


--
-- Name: django_migrations_id_seq; Type: SEQUENCE SET; Schema: public; Owner: postgres
--

SELECT pg_catalog.setval('public.django_migrations_id_seq', 23, true);


--
-- Name: order_products_id_seq; Type: SEQUENCE SET; Schema: public; Owner: postgres
--

SELECT pg_catalog.setval('public.order_products_id_seq', 8, true);


--
-- Name: orders_id_seq; Type: SEQUENCE SET; Schema: public; Owner: postgres
--

SELECT pg_catalog.setval('public.orders_id_seq', 7, true);


--
-- Name: product_categories_id_seq; Type: SEQUENCE SET; Schema: public; Owner: postgres
--

SELECT pg_catalog.setval('public.product_categories_id_seq', 20, true);


--
-- Name: product_discounts_id_seq; Type: SEQUENCE SET; Schema: public; Owner: postgres
--

SELECT pg_catalog.setval('public.product_discounts_id_seq', 1, true);


--
-- Name: product_incomes_id_seq; Type: SEQUENCE SET; Schema: public; Owner: postgres
--

SELECT pg_catalog.setval('public.product_incomes_id_seq', 6, true);


--
-- Name: products_id_seq; Type: SEQUENCE SET; Schema: public; Owner: postgres
--

SELECT pg_catalog.setval('public.products_id_seq', 6, true);


--
-- Name: users_groups_id_seq; Type: SEQUENCE SET; Schema: public; Owner: postgres
--

SELECT pg_catalog.setval('public.users_groups_id_seq', 1, false);


--
-- Name: users_id_seq; Type: SEQUENCE SET; Schema: public; Owner: postgres
--

SELECT pg_catalog.setval('public.users_id_seq', 2, true);


--
-- Name: users_user_permissions_id_seq; Type: SEQUENCE SET; Schema: public; Owner: postgres
--

SELECT pg_catalog.setval('public.users_user_permissions_id_seq', 1, false);


--
-- Name: auth_group auth_group_name_key; Type: CONSTRAINT; Schema: public; Owner: postgres
--

ALTER TABLE ONLY public.auth_group
    ADD CONSTRAINT auth_group_name_key UNIQUE (name);


--
-- Name: auth_group_permissions auth_group_permissions_group_id_permission_id_0cd325b0_uniq; Type: CONSTRAINT; Schema: public; Owner: postgres
--

ALTER TABLE ONLY public.auth_group_permissions
    ADD CONSTRAINT auth_group_permissions_group_id_permission_id_0cd325b0_uniq UNIQUE (group_id, permission_id);


--
-- Name: auth_group_permissions auth_group_permissions_pkey; Type: CONSTRAINT; Schema: public; Owner: postgres
--

ALTER TABLE ONLY public.auth_group_permissions
    ADD CONSTRAINT auth_group_permissions_pkey PRIMARY KEY (id);


--
-- Name: auth_group auth_group_pkey; Type: CONSTRAINT; Schema: public; Owner: postgres
--

ALTER TABLE ONLY public.auth_group
    ADD CONSTRAINT auth_group_pkey PRIMARY KEY (id);


--
-- Name: auth_permission auth_permission_content_type_id_codename_01ab375a_uniq; Type: CONSTRAINT; Schema: public; Owner: postgres
--

ALTER TABLE ONLY public.auth_permission
    ADD CONSTRAINT auth_permission_content_type_id_codename_01ab375a_uniq UNIQUE (content_type_id, codename);


--
-- Name: auth_permission auth_permission_pkey; Type: CONSTRAINT; Schema: public; Owner: postgres
--

ALTER TABLE ONLY public.auth_permission
    ADD CONSTRAINT auth_permission_pkey PRIMARY KEY (id);


--
-- Name: django_admin_log django_admin_log_pkey; Type: CONSTRAINT; Schema: public; Owner: postgres
--

ALTER TABLE ONLY public.django_admin_log
    ADD CONSTRAINT django_admin_log_pkey PRIMARY KEY (id);


--
-- Name: django_content_type django_content_type_app_label_model_76bd3d3b_uniq; Type: CONSTRAINT; Schema: public; Owner: postgres
--

ALTER TABLE ONLY public.django_content_type
    ADD CONSTRAINT django_content_type_app_label_model_76bd3d3b_uniq UNIQUE (app_label, model);


--
-- Name: django_content_type django_content_type_pkey; Type: CONSTRAINT; Schema: public; Owner: postgres
--

ALTER TABLE ONLY public.django_content_type
    ADD CONSTRAINT django_content_type_pkey PRIMARY KEY (id);


--
-- Name: django_migrations django_migrations_pkey; Type: CONSTRAINT; Schema: public; Owner: postgres
--

ALTER TABLE ONLY public.django_migrations
    ADD CONSTRAINT django_migrations_pkey PRIMARY KEY (id);


--
-- Name: django_session django_session_pkey; Type: CONSTRAINT; Schema: public; Owner: postgres
--

ALTER TABLE ONLY public.django_session
    ADD CONSTRAINT django_session_pkey PRIMARY KEY (session_key);


--
-- Name: order_products order_products_order_id_product_id_8b77ef4e_uniq; Type: CONSTRAINT; Schema: public; Owner: postgres
--

ALTER TABLE ONLY public.order_products
    ADD CONSTRAINT order_products_order_id_product_id_8b77ef4e_uniq UNIQUE (order_id, product_id);


--
-- Name: order_products order_products_pkey; Type: CONSTRAINT; Schema: public; Owner: postgres
--

ALTER TABLE ONLY public.order_products
    ADD CONSTRAINT order_products_pkey PRIMARY KEY (id);


--
-- Name: order_products order_products_uuid_key; Type: CONSTRAINT; Schema: public; Owner: postgres
--

ALTER TABLE ONLY public.order_products
    ADD CONSTRAINT order_products_uuid_key UNIQUE (uuid);


--
-- Name: orders orders_order_code_13888363_uniq; Type: CONSTRAINT; Schema: public; Owner: postgres
--

ALTER TABLE ONLY public.orders
    ADD CONSTRAINT orders_order_code_13888363_uniq UNIQUE (order_code);


--
-- Name: orders orders_pkey; Type: CONSTRAINT; Schema: public; Owner: postgres
--

ALTER TABLE ONLY public.orders
    ADD CONSTRAINT orders_pkey PRIMARY KEY (id);


--
-- Name: orders orders_uuid_key; Type: CONSTRAINT; Schema: public; Owner: postgres
--

ALTER TABLE ONLY public.orders
    ADD CONSTRAINT orders_uuid_key UNIQUE (uuid);


--
-- Name: product_categories product_categories_pkey; Type: CONSTRAINT; Schema: public; Owner: postgres
--

ALTER TABLE ONLY public.product_categories
    ADD CONSTRAINT product_categories_pkey PRIMARY KEY (id);


--
-- Name: product_categories product_categories_uuid_key; Type: CONSTRAINT; Schema: public; Owner: postgres
--

ALTER TABLE ONLY public.product_categories
    ADD CONSTRAINT product_categories_uuid_key UNIQUE (uuid);


--
-- Name: product_discounts product_discounts_pkey; Type: CONSTRAINT; Schema: public; Owner: postgres
--

ALTER TABLE ONLY public.product_discounts
    ADD CONSTRAINT product_discounts_pkey PRIMARY KEY (id);


--
-- Name: product_discounts product_discounts_product_id_key; Type: CONSTRAINT; Schema: public; Owner: postgres
--

ALTER TABLE ONLY public.product_discounts
    ADD CONSTRAINT product_discounts_product_id_key UNIQUE (product_id);


--
-- Name: product_discounts product_discounts_uuid_key; Type: CONSTRAINT; Schema: public; Owner: postgres
--

ALTER TABLE ONLY public.product_discounts
    ADD CONSTRAINT product_discounts_uuid_key UNIQUE (uuid);


--
-- Name: product_incomes product_incomes_pkey; Type: CONSTRAINT; Schema: public; Owner: postgres
--

ALTER TABLE ONLY public.product_incomes
    ADD CONSTRAINT product_incomes_pkey PRIMARY KEY (id);


--
-- Name: product_incomes product_incomes_uuid_key; Type: CONSTRAINT; Schema: public; Owner: postgres
--

ALTER TABLE ONLY public.product_incomes
    ADD CONSTRAINT product_incomes_uuid_key UNIQUE (uuid);


--
-- Name: products products_pkey; Type: CONSTRAINT; Schema: public; Owner: postgres
--

ALTER TABLE ONLY public.products
    ADD CONSTRAINT products_pkey PRIMARY KEY (id);


--
-- Name: products products_uuid_key; Type: CONSTRAINT; Schema: public; Owner: postgres
--

ALTER TABLE ONLY public.products
    ADD CONSTRAINT products_uuid_key UNIQUE (uuid);


--
-- Name: users_groups users_groups_pkey; Type: CONSTRAINT; Schema: public; Owner: postgres
--

ALTER TABLE ONLY public.users_groups
    ADD CONSTRAINT users_groups_pkey PRIMARY KEY (id);


--
-- Name: users_groups users_groups_user_id_group_id_fc7788e8_uniq; Type: CONSTRAINT; Schema: public; Owner: postgres
--

ALTER TABLE ONLY public.users_groups
    ADD CONSTRAINT users_groups_user_id_group_id_fc7788e8_uniq UNIQUE (user_id, group_id);


--
-- Name: users users_pkey; Type: CONSTRAINT; Schema: public; Owner: postgres
--

ALTER TABLE ONLY public.users
    ADD CONSTRAINT users_pkey PRIMARY KEY (id);


--
-- Name: users_user_permissions users_user_permissions_pkey; Type: CONSTRAINT; Schema: public; Owner: postgres
--

ALTER TABLE ONLY public.users_user_permissions
    ADD CONSTRAINT users_user_permissions_pkey PRIMARY KEY (id);


--
-- Name: users_user_permissions users_user_permissions_user_id_permission_id_3b86cbdf_uniq; Type: CONSTRAINT; Schema: public; Owner: postgres
--

ALTER TABLE ONLY public.users_user_permissions
    ADD CONSTRAINT users_user_permissions_user_id_permission_id_3b86cbdf_uniq UNIQUE (user_id, permission_id);


--
-- Name: users users_username_key; Type: CONSTRAINT; Schema: public; Owner: postgres
--

ALTER TABLE ONLY public.users
    ADD CONSTRAINT users_username_key UNIQUE (username);


--
-- Name: users users_uuid_key; Type: CONSTRAINT; Schema: public; Owner: postgres
--

ALTER TABLE ONLY public.users
    ADD CONSTRAINT users_uuid_key UNIQUE (uuid);


--
-- Name: auth_group_name_a6ea08ec_like; Type: INDEX; Schema: public; Owner: postgres
--

CREATE INDEX auth_group_name_a6ea08ec_like ON public.auth_group USING btree (name varchar_pattern_ops);


--
-- Name: auth_group_permissions_group_id_b120cbf9; Type: INDEX; Schema: public; Owner: postgres
--

CREATE INDEX auth_group_permissions_group_id_b120cbf9 ON public.auth_group_permissions USING btree (group_id);


--
-- Name: auth_group_permissions_permission_id_84c5c92e; Type: INDEX; Schema: public; Owner: postgres
--

CREATE INDEX auth_group_permissions_permission_id_84c5c92e ON public.auth_group_permissions USING btree (permission_id);


--
-- Name: auth_permission_content_type_id_2f476e4b; Type: INDEX; Schema: public; Owner: postgres
--

CREATE INDEX auth_permission_content_type_id_2f476e4b ON public.auth_permission USING btree (content_type_id);


--
-- Name: django_admin_log_content_type_id_c4bce8eb; Type: INDEX; Schema: public; Owner: postgres
--

CREATE INDEX django_admin_log_content_type_id_c4bce8eb ON public.django_admin_log USING btree (content_type_id);


--
-- Name: django_admin_log_user_id_c564eba6; Type: INDEX; Schema: public; Owner: postgres
--

CREATE INDEX django_admin_log_user_id_c564eba6 ON public.django_admin_log USING btree (user_id);


--
-- Name: django_session_expire_date_a5c62663; Type: INDEX; Schema: public; Owner: postgres
--

CREATE INDEX django_session_expire_date_a5c62663 ON public.django_session USING btree (expire_date);


--
-- Name: django_session_session_key_c0390e0f_like; Type: INDEX; Schema: public; Owner: postgres
--

CREATE INDEX django_session_session_key_c0390e0f_like ON public.django_session USING btree (session_key varchar_pattern_ops);


--
-- Name: order_products_created_at_c04a3b4d; Type: INDEX; Schema: public; Owner: postgres
--

CREATE INDEX order_products_created_at_c04a3b4d ON public.order_products USING btree (created_at);


--
-- Name: order_products_order_id_b5077dc2; Type: INDEX; Schema: public; Owner: postgres
--

CREATE INDEX order_products_order_id_b5077dc2 ON public.order_products USING btree (order_id);


--
-- Name: order_products_product_id_3110c998; Type: INDEX; Schema: public; Owner: postgres
--

CREATE INDEX order_products_product_id_3110c998 ON public.order_products USING btree (product_id);


--
-- Name: order_products_updated_at_38f7dec3; Type: INDEX; Schema: public; Owner: postgres
--

CREATE INDEX order_products_updated_at_38f7dec3 ON public.order_products USING btree (updated_at);


--
-- Name: orders_created_at_91ec19d2; Type: INDEX; Schema: public; Owner: postgres
--

CREATE INDEX orders_created_at_91ec19d2 ON public.orders USING btree (created_at);


--
-- Name: orders_creator_id_d42e2fcc; Type: INDEX; Schema: public; Owner: postgres
--

CREATE INDEX orders_creator_id_d42e2fcc ON public.orders USING btree (creator_id);


--
-- Name: orders_order_code_13888363_like; Type: INDEX; Schema: public; Owner: postgres
--

CREATE INDEX orders_order_code_13888363_like ON public.orders USING btree (order_code varchar_pattern_ops);


--
-- Name: orders_updated_at_9e10cb5f; Type: INDEX; Schema: public; Owner: postgres
--

CREATE INDEX orders_updated_at_9e10cb5f ON public.orders USING btree (updated_at);


--
-- Name: product_categories_created_at_6c58fb59; Type: INDEX; Schema: public; Owner: postgres
--

CREATE INDEX product_categories_created_at_6c58fb59 ON public.product_categories USING btree (created_at);


--
-- Name: product_categories_parent_category_id_37e7ac94; Type: INDEX; Schema: public; Owner: postgres
--

CREATE INDEX product_categories_parent_category_id_37e7ac94 ON public.product_categories USING btree (parent_category_id);


--
-- Name: product_categories_updated_at_17bbaffb; Type: INDEX; Schema: public; Owner: postgres
--

CREATE INDEX product_categories_updated_at_17bbaffb ON public.product_categories USING btree (updated_at);


--
-- Name: product_discounts_created_at_553f41a5; Type: INDEX; Schema: public; Owner: postgres
--

CREATE INDEX product_discounts_created_at_553f41a5 ON public.product_discounts USING btree (created_at);


--
-- Name: product_discounts_updated_at_627d0744; Type: INDEX; Schema: public; Owner: postgres
--

CREATE INDEX product_discounts_updated_at_627d0744 ON public.product_discounts USING btree (updated_at);


--
-- Name: product_incomes_created_at_d5d3978b; Type: INDEX; Schema: public; Owner: postgres
--

CREATE INDEX product_incomes_created_at_d5d3978b ON public.product_incomes USING btree (created_at);


--
-- Name: product_incomes_product_id_980b5b07; Type: INDEX; Schema: public; Owner: postgres
--

CREATE INDEX product_incomes_product_id_980b5b07 ON public.product_incomes USING btree (product_id);


--
-- Name: product_incomes_updated_at_aa8f0119; Type: INDEX; Schema: public; Owner: postgres
--

CREATE INDEX product_incomes_updated_at_aa8f0119 ON public.product_incomes USING btree (updated_at);


--
-- Name: products_category_id_a7a3a156; Type: INDEX; Schema: public; Owner: postgres
--

CREATE INDEX products_category_id_a7a3a156 ON public.products USING btree (category_id);


--
-- Name: products_created_at_30e3e54b; Type: INDEX; Schema: public; Owner: postgres
--

CREATE INDEX products_created_at_30e3e54b ON public.products USING btree (created_at);


--
-- Name: products_updated_at_a457a9cd; Type: INDEX; Schema: public; Owner: postgres
--

CREATE INDEX products_updated_at_a457a9cd ON public.products USING btree (updated_at);


--
-- Name: users_created_at_4d680f01; Type: INDEX; Schema: public; Owner: postgres
--

CREATE INDEX users_created_at_4d680f01 ON public.users USING btree (created_at);


--
-- Name: users_groups_group_id_2f3517aa; Type: INDEX; Schema: public; Owner: postgres
--

CREATE INDEX users_groups_group_id_2f3517aa ON public.users_groups USING btree (group_id);


--
-- Name: users_groups_user_id_f500bee5; Type: INDEX; Schema: public; Owner: postgres
--

CREATE INDEX users_groups_user_id_f500bee5 ON public.users_groups USING btree (user_id);


--
-- Name: users_updated_at_4dac2492; Type: INDEX; Schema: public; Owner: postgres
--

CREATE INDEX users_updated_at_4dac2492 ON public.users USING btree (updated_at);


--
-- Name: users_user_permissions_permission_id_6d08dcd2; Type: INDEX; Schema: public; Owner: postgres
--

CREATE INDEX users_user_permissions_permission_id_6d08dcd2 ON public.users_user_permissions USING btree (permission_id);


--
-- Name: users_user_permissions_user_id_92473840; Type: INDEX; Schema: public; Owner: postgres
--

CREATE INDEX users_user_permissions_user_id_92473840 ON public.users_user_permissions USING btree (user_id);


--
-- Name: users_username_e8658fc8_like; Type: INDEX; Schema: public; Owner: postgres
--

CREATE INDEX users_username_e8658fc8_like ON public.users USING btree (username varchar_pattern_ops);


--
-- Name: auth_group_permissions auth_group_permissio_permission_id_84c5c92e_fk_auth_perm; Type: FK CONSTRAINT; Schema: public; Owner: postgres
--

ALTER TABLE ONLY public.auth_group_permissions
    ADD CONSTRAINT auth_group_permissio_permission_id_84c5c92e_fk_auth_perm FOREIGN KEY (permission_id) REFERENCES public.auth_permission(id) DEFERRABLE INITIALLY DEFERRED;


--
-- Name: auth_group_permissions auth_group_permissions_group_id_b120cbf9_fk_auth_group_id; Type: FK CONSTRAINT; Schema: public; Owner: postgres
--

ALTER TABLE ONLY public.auth_group_permissions
    ADD CONSTRAINT auth_group_permissions_group_id_b120cbf9_fk_auth_group_id FOREIGN KEY (group_id) REFERENCES public.auth_group(id) DEFERRABLE INITIALLY DEFERRED;


--
-- Name: auth_permission auth_permission_content_type_id_2f476e4b_fk_django_co; Type: FK CONSTRAINT; Schema: public; Owner: postgres
--

ALTER TABLE ONLY public.auth_permission
    ADD CONSTRAINT auth_permission_content_type_id_2f476e4b_fk_django_co FOREIGN KEY (content_type_id) REFERENCES public.django_content_type(id) DEFERRABLE INITIALLY DEFERRED;


--
-- Name: django_admin_log django_admin_log_content_type_id_c4bce8eb_fk_django_co; Type: FK CONSTRAINT; Schema: public; Owner: postgres
--

ALTER TABLE ONLY public.django_admin_log
    ADD CONSTRAINT django_admin_log_content_type_id_c4bce8eb_fk_django_co FOREIGN KEY (content_type_id) REFERENCES public.django_content_type(id) DEFERRABLE INITIALLY DEFERRED;


--
-- Name: django_admin_log django_admin_log_user_id_c564eba6_fk_users_id; Type: FK CONSTRAINT; Schema: public; Owner: postgres
--

ALTER TABLE ONLY public.django_admin_log
    ADD CONSTRAINT django_admin_log_user_id_c564eba6_fk_users_id FOREIGN KEY (user_id) REFERENCES public.users(id) DEFERRABLE INITIALLY DEFERRED;


--
-- Name: order_products order_products_order_id_b5077dc2_fk_orders_id; Type: FK CONSTRAINT; Schema: public; Owner: postgres
--

ALTER TABLE ONLY public.order_products
    ADD CONSTRAINT order_products_order_id_b5077dc2_fk_orders_id FOREIGN KEY (order_id) REFERENCES public.orders(id) DEFERRABLE INITIALLY DEFERRED;


--
-- Name: order_products order_products_product_id_3110c998_fk_products_id; Type: FK CONSTRAINT; Schema: public; Owner: postgres
--

ALTER TABLE ONLY public.order_products
    ADD CONSTRAINT order_products_product_id_3110c998_fk_products_id FOREIGN KEY (product_id) REFERENCES public.products(id) DEFERRABLE INITIALLY DEFERRED;


--
-- Name: orders orders_creator_id_d42e2fcc_fk_users_id; Type: FK CONSTRAINT; Schema: public; Owner: postgres
--

ALTER TABLE ONLY public.orders
    ADD CONSTRAINT orders_creator_id_d42e2fcc_fk_users_id FOREIGN KEY (creator_id) REFERENCES public.users(id) DEFERRABLE INITIALLY DEFERRED;


--
-- Name: product_categories product_categories_parent_category_id_37e7ac94_fk_product_c; Type: FK CONSTRAINT; Schema: public; Owner: postgres
--

ALTER TABLE ONLY public.product_categories
    ADD CONSTRAINT product_categories_parent_category_id_37e7ac94_fk_product_c FOREIGN KEY (parent_category_id) REFERENCES public.product_categories(id) DEFERRABLE INITIALLY DEFERRED;


--
-- Name: product_discounts product_discounts_product_id_c7c5bd9f_fk_products_id; Type: FK CONSTRAINT; Schema: public; Owner: postgres
--

ALTER TABLE ONLY public.product_discounts
    ADD CONSTRAINT product_discounts_product_id_c7c5bd9f_fk_products_id FOREIGN KEY (product_id) REFERENCES public.products(id) DEFERRABLE INITIALLY DEFERRED;


--
-- Name: product_incomes product_incomes_product_id_980b5b07_fk_products_id; Type: FK CONSTRAINT; Schema: public; Owner: postgres
--

ALTER TABLE ONLY public.product_incomes
    ADD CONSTRAINT product_incomes_product_id_980b5b07_fk_products_id FOREIGN KEY (product_id) REFERENCES public.products(id) DEFERRABLE INITIALLY DEFERRED;


--
-- Name: products products_category_id_a7a3a156_fk_product_categories_id; Type: FK CONSTRAINT; Schema: public; Owner: postgres
--

ALTER TABLE ONLY public.products
    ADD CONSTRAINT products_category_id_a7a3a156_fk_product_categories_id FOREIGN KEY (category_id) REFERENCES public.product_categories(id) DEFERRABLE INITIALLY DEFERRED;


--
-- Name: users_groups users_groups_group_id_2f3517aa_fk_auth_group_id; Type: FK CONSTRAINT; Schema: public; Owner: postgres
--

ALTER TABLE ONLY public.users_groups
    ADD CONSTRAINT users_groups_group_id_2f3517aa_fk_auth_group_id FOREIGN KEY (group_id) REFERENCES public.auth_group(id) DEFERRABLE INITIALLY DEFERRED;


--
-- Name: users_groups users_groups_user_id_f500bee5_fk_users_id; Type: FK CONSTRAINT; Schema: public; Owner: postgres
--

ALTER TABLE ONLY public.users_groups
    ADD CONSTRAINT users_groups_user_id_f500bee5_fk_users_id FOREIGN KEY (user_id) REFERENCES public.users(id) DEFERRABLE INITIALLY DEFERRED;


--
-- Name: users_user_permissions users_user_permissio_permission_id_6d08dcd2_fk_auth_perm; Type: FK CONSTRAINT; Schema: public; Owner: postgres
--

ALTER TABLE ONLY public.users_user_permissions
    ADD CONSTRAINT users_user_permissio_permission_id_6d08dcd2_fk_auth_perm FOREIGN KEY (permission_id) REFERENCES public.auth_permission(id) DEFERRABLE INITIALLY DEFERRED;


--
-- Name: users_user_permissions users_user_permissions_user_id_92473840_fk_users_id; Type: FK CONSTRAINT; Schema: public; Owner: postgres
--

ALTER TABLE ONLY public.users_user_permissions
    ADD CONSTRAINT users_user_permissions_user_id_92473840_fk_users_id FOREIGN KEY (user_id) REFERENCES public.users(id) DEFERRABLE INITIALLY DEFERRED;


--
-- PostgreSQL database dump complete
--
